{
    "Compatibility": "Compatible",
    "Contributors": {
      "Developer": [ "Hawker" ],
      "Manual": [ "Asew" ]
    },
    "DefuserDifficulty": "Hard",
    "Description": "Navigate from the bottom to the top of a 10x10 grid of squares while avoiding fake squares.",
    "ExpertDifficulty": "Hard",
    "ModuleID": "TipToe",
    "Name": "TipToe",
    "Origin": "Mods",
    "Published": "2023-06-21",
    "SortKey": "TIPTOE",
    "SourceUrl": "https://github.com/KTANE-MODS/Tip-Toe",
    "SteamID": "2992621713",
    "Type": "Regular"
  }